sample,method,block_length,resamples,seed,observations,observed_ubl_sharpe,observed_combined_sharpe,probability_ubl_sharpe_gt_0,probability_combined_sharpe_gt_0,probability_combined_sharpe_gt_ubl_sharpe,probability_combined_max_drawdown_lt_ubl,probability_combined_turnover_lt_ubl,probability_combined_net_return_gt_ubl,median_sharpe_difference,median_max_drawdown_difference,median_turnover_difference,median_net_return_difference
research_holdout_common,moving_block,3,5000,20260720,133,0.597460862991,1.35837651655,0.619,0.7924,0.9522,0.8786,1,0.9478,0.776109527493,-0.00858368161547,-0.070081887955,0.0274675032795
research_holdout_common,moving_block,5,5000,20260721,133,0.597460862991,1.35837651655,0.5952,0.7568,0.952,0.8632,1,0.949,0.753799334582,-0.00776276481616,-0.070397260345,0.0269666738373
research_holdout_common,moving_block,10,5000,20260722,133,0.597460862991,1.35837651655,0.6124,0.7576,0.9464,0.8514,1,0.9472,0.776557887835,-0.00735128223356,-0.0709608917824,0.0277157073461
research_holdout_common,stationary_bootstrap,5,5000,20260723,133,0.597460862991,1.35837651655,0.6554,0.8036,0.9574,0.853,1,0.954,0.755726935773,-0.0069307610374,-0.0702421289244,0.0274721984494
