portfolio,cost_bps,net_total_return,net_sharpe_0rf,net_max_drawdown,average_full_turnover
UBL_80_LOWVOL_60_20,5,0.320253296357,2.58136233555,0.038438764002,0.482153097813
UBL_80_LOWVOL_60_20,10,0.192036043835,1.64422811323,0.0429866412343,0.482153097813
UBL_80_LOWVOL_60_20,15,0.0762417222607,0.706377842615,0.0809592392873,0.482153097813
UBL_80_LOWVOL_60_20,20,-0.0283305176404,-0.231271332059,0.140261077147,0.482153097813
UBL_ONLY,5,0.276678096015,2.16091751319,0.0480217796333,0.551650207304
UBL_ONLY,10,0.135831583199,1.14332563693,0.0546679732967,0.551650207304
UBL_ONLY,15,0.0104891210275,0.124867711844,0.115143735083,0.551650207304
UBL_ONLY,20,-0.101052141745,-0.893708529138,0.179987231803,0.551650207304
