portfolio,observations,total_arithmetic_net_pnl,top_five_day_net_pnl,top_five_day_pnl_share
UBL_80_LOWVOL_60_20,424,0.179213742736,0.0786678780045,0.438961191276
UBL_ONLY,424,0.131285778134,0.0800008579862,0.609364236728
